<?xml version="1.0" encoding="UTF-8" standalone="yes"?>
<addon id="repository.salondigital" name="Repositorio de SalonDigital" version="7.0" provider-name="Tocinillo">
	<extension point="xbmc.addon.repository" name="Repositorio de SalonDigital">
		<info compressed="false">https://raw.githubusercontent.com/salondigital/salondigital-matrix/master/addons.xml</info>
		<checksum>https://raw.githubusercontent.com/salondigital/salondigital-matrix/master/addons.xml.md5</checksum>
		<datadir zip="true">https://raw.githubusercontent.com/salondigital/salondigital-matrix/master</datadir>
	</extension>
	<extension point="xbmc.addon.metadata">
		<summary>Repositorio oficial de SalonDigital para Kodi Matrix</summary>
		<description>SalonDigital</description>
		<disclaimer></disclaimer>
		<platform>all</platform>
        <assets>
           <icon>icon.png</icon>
        </assets>
	</extension>
</addon>